name,zip
Washington Ave & E 163 St,10451
E 80 St & 2 Ave,10028
31 Ave & 30 St,11102
Fort Washington Ave & W 183 St,10033
Goble Pl & Macombs Rd,10452
Folin St & E 181 St,10457
48 Ave & 31 St,11101
48 St & Barnett Ave,11104
60 Pl & Bleecker St,11385
65 Pl & Central Ave,11385
Grove St & Fresh Pond Rd,11385
60 Pl & Flushing Ave,11378
Quincy St & Malcolm X Blvd,11221
Jefferson Ave & Patchen Ave,11221
E New York Ave & St Marks Ave,11212
Pacific St & Ralph Ave,11233
Pacific St & Sackman St,11233
61 St & Borden Ave,11378
St Johns Pl & Saratoga Ave,11233
58 St & 56 Dr,11378
New York Ave & Crown St,11213
Crown St & Troy Ave,11213
Clarkson Ave & Nostrand Ave,11226
E New York Ave & Brooklyn Ave,11225
65 Pl & Metropolitan Ave,11379
Lefferts Ave & Albany Ave,11203
Lefferts Ave & Schenectady Ave,11203
President St & Nostrand Ave,11225
Rutland Rd & Brooklyn Ave,11203
Flatbush Ave & Lincoln Rd,11225
North Moore St & Greenwich St,10013
Madison St & Montgomery St,10002
Maurice Ave & 53 Dr,11378
Montgomery St,7302
Communipaw & Berry Lane,7304
Lincoln Ave & E 134 St,10454
Boerum St & Broadway,11206
E 138 St & Willow Ave,10454
Leonard St & Maujer St,11206
Stewart Ave & Johnson Ave,11237
41 St & 3 Ave,11232
Henry St & Bay St,11231
Manhattan Av & Leonard St,11222
48 St & 2 Ave,11220
George St & Wilson Ave,11206
Knickerbocker Ave & Thames St,11237
10 St & 2 Ave,11215
E 3 St & Church Ave,11218
2 Ave & 44 St,11232
Richards St & Delavan St,11231
Union Ave & Jackson St,11211
Commerce St & Van Brunt St,11231
8 St & Washington St,7030
Berry St & N 8 St,11249
Wolcott St & Dwight St,11231
5 St & 51 Ave,11101
Harrison Pl & Porter Ave,11237
Metropolitan Ave & Stewart Ave,11237
Columbia St & Degraw St,11231
Bedford Ave & S 9 St,11211
Clinton St & Centre St,11231
Jackson St & Leonard St,11211
Columbia St & W 9 St,11231
Sigourney St & Columbia St,11231
47 St & 3 Ave,11220
Stagg St & Morgan Ave,11206
Dwight St & Van Dyke St,11231
44 St & 3 Ave,11232
Roebling St & N 4 St,11211
Bank St & Hudson St,10014
Pioneer St & Richards St,11231
Coffey St & Ferris St,11231
Leonard St & Boerum St,11206
Carroll St & 5 Ave,11215
Sterling Pl & 5 Ave,11217
2 Ave & 32 St,11232
Prospect Park SW & Greenwood Ave,11218
7 St & 5 Ave,11215
Leonard St & Nassau Ave,11222
Driggs Ave & Lorimer St,11222
3 Ave & 14 St,10003
Market St & Henry St,10002
N 12 St & Bedford Ave,11211
57 St & 1 Ave,11220
Banker St & Meserole Ave,11222
Grand St & Havemeyer St,11211
Wyckoff Av & Jefferson St,11237
Driggs Ave & N 9 St,11211
Graham Ave & Grand St,11211
Brooklyn Bridge Park - Pier 2,11201
Bank St & Washington St,10014
Vernon Blvd & 47 Rd,11101
Morton St & Washington St,10014
Willoughby St & Ashland Pl,11201
Coffey St & Conover St,11231
Franklin St & W Broadway,10013
Court St & Nelson St,11231
West Broadway & Watts St,10013
Little West St & 1 Pl,10004
LaGuardia Pl & W 3 St,10012
Frost St & Meeker Ave,11211
Scholes St & Manhattan Ave,11206
Carroll St & Columbia St,11231
King St & Varick St,10014
Degraw St & 3 Ave,11217
Van Brunt St & Wolcott St,11231
Mott St & Prince St,10012
Columbia St & Lorraine St,11231
W 18 St & 9 Ave,10011
Roosevelt Island Tramway,10044
W 15 St & 10 Ave,7086
Bedford Ave & Nassau Ave,11222
South St & Gouverneur Ln,10001
Barrow St & Hudson St,10014
Mercer St & Bleecker St,10012
46 Ave & 5 St,11101
Stanton St & Norfolk St,10002
W 12 St & Hudson St,10014
W 17 St & 7 Ave,10011
Greenwich St & Perry St,10014
Division St & Bowery,10013
Douglass St & 4 Ave,11217
W 20 St & 10 Ave,10011
Nassau Ave & Newell St,11222
MacDougal St & Prince St,10012
Washington St & Gansevoort St,10014
Washington St & Barrow St,10014
9 Ave & W 22 St,10011
Rivington St & Chrystie St,10002
W 26 St & 8 Ave,10001
Washington Square E,10003
W 10 St & Washington St,10014
6 Ave & Canal St,10013
W 15 St & 7 Ave,10011
Perry St & Bleecker St,10014
48 Ave & 5 St,11101
Greenwich St & W Houston St,10013
9 Ave & W 18 St,10011
Hudson St & 4 St,7030
Suydam St & St. Nicholas Ave,11237
Inwood Ave & W 170 St,10452
64 St & 51 Ave,11377
Home St & Westchester Ave,10459
Ft. Hamilton Pkwy & E 2 St,11218
Stevens - River Ter & 6 St,7030
Irving Ave & Jefferson St,11237
34 St & 5 Ave,11232
Columbia St & Kane St,11231
Heights Elevator,7307
2 Ave & 43 St,11232
Devoe St & Morgan Ave,11211
Albemarle Rd & McDonald Ave,11218
Henry St & W 9 St,11231
Tyler Ave & Maurice Ave,11377
50 Ave & 65 St,11377
Bushwick Ave & Stagg St,11206
Flushing Ave & Woodward Ave,11385
45 Ave & 21 St,11101
21 St & 4 Ave,11232
Longwood Ave & Southern Blvd,10459
Kent St & McGuinness Blvd,11222
Calyer St & Guernsey St,11222
52 St & 1 Ave,11232
Van Brunt St & Van Dyke St,11231
Ft. Hamilton Pkwy & E 5 St,11218
41 St & 4 Ave,11232
Willoughby Ave & Wyckoff Ave,11237
Metropolitan Ave & Vandervoort Ave,11211
Knickerbocker Ave & George St,11237
Newark Ave,7302
Franklin St & Dupont St,11222
Vernon Blvd & 31 Ave,11106
Park Cir & East Dr,11218
34 St & 4 Ave,11232
45 Rd & 11 St,11101
Bruckner Blvd & Bryant Ave,10474
Jefferson St & Cypress Ave,11237
Hart St & Wyckoff Ave,11237
Bond St & Bergen St,11217
N 11 St & Kent Ave,11249
Union St & 4 Ave,11215
Jackson Ave & 46 Rd,11101
Center Blvd & 48 Ave,11101
Metropolitan Ave & Bedford Ave,11211
Bainbridge Ave & E 193 St,10458
St James Pl & Pearl St,10038
Suydam St & Knickerbocker Ave,11237
Metropolitan Ave & Meeker Ave,11211
Hudson St & W 13 St,10014
Clinton St & Cherry St,10002
Delancey St & Eldridge St,10002
President St & 4 Ave,11215
Huron St & Franklin St,11222
Pike St & E Broadway,10002
Butler St & Court St,11231
Kenmare St & Elizabeth St,10012
Watts St & Greenwich St,10013
Douglass St & 3 Ave,11217
4 Ave & E 12 St,10003
Catherine St & Monroe St,10002
Gansevoort St & Hudson St,10014
Central Park North & Adam Clayton Powell Blvd,10026
Water St & Gouverneur Ln,10005
Grand Army Plaza & Central Park S,10019
Calyer St & Jewel St,11222
Duane St & Hudson St,10013
Thompson St & Bleecker St,10012
Bayard St & Leonard St,11222
E 4 St & 2 Ave,10003
Humboldt St & Varet St,11206
Washington St & Laight St,10013
Walker St & Baxter St,10013
Church St & Worth St,10007
W Broadway & W Houston St,10012
W 30 St & 10 Ave,10001
N 15 St & Wythe Ave,11249
Vesey Pl & River Terrace,10282
Sullivan St & Washington Sq,10012
E 9 St & 5 Ave,10003
Lafayette St & Jersey St,10012
Norfolk St & Broome St,10002
Mercer St & Spring St,10012
W Broadway & Spring St,10012
E 16 St & 5 Ave,10003
Bleecker St & Crosby St,10012
W 22 St & 8 Ave,10011
Christopher St & Greenwich St,10014
6 Ave & Broome St,10013
W 17 St & 8 Ave,10011
Laight St & Hudson St,10013
E 134 St & Walnut Ave,10454
Devoe St & Lorimer St,11211
W 225 St & Exterior St,10463
Jackson Square,7305
Graham Ave & Withers St,11211
51 Ave & 61 St,11377
S 4 St & Rodney St,11211
Pacific St & Nevins St,11217
Engert Ave & McGuinness Blvd,11222
9 Ave & W 219 St,10034
64 St & 53 Dr,11378
Wyckoff St & 3 Ave,11217
E 167 St & Bryant Ave,10459
Green St & McGuinness Blvd,11222
Flushing Ave & Vanderbilt Ave,11205
62 St & 34 Ave,11377
S 3 St & Bedford Ave,11249
Irving Ave & Harman St,11237
Henry St & Atlantic Ave,11201
Page Pl & Grand Ave,11378
Caton Ave & E 7 St,11218
Willow Ave & E 133 St,10454
City Hall - Washington St & 1 St,7030
Southern Blvd & E 142 St,10454
S 4 St & Wythe Ave,11249
Bay St & Court St,11231
Hope St & Union Ave,11211
Midwood St & Utica Ave,11203
Clinton Ave & Flushing Ave,11205
White St & Johnson Ave,11206
23 St & 3 Ave,11232
Carlton Ave & Park Ave,11205
Greenpoint Ave & Manhattan Ave,11222
62 St & Northern Blvd,11377
Metropolitan Ave & 65 Ln,11379
4 Ave & 26 St,11232
21 St & 43 Ave,11101
President St & Henry St,11231
St Marks Pl & 4 Ave,11217
53 St & 2 Ave,11220
4 Ave & 9 St,11215
11 St & 43 Ave,11101
20 Ave & 38 St,11105
MacDougal St & Washington Sq,10011
Bergen St & Flatbush Ave,11217
South St & Broad St,10004
E 8 St & Caton Ave,11218
2 Av & 37 St,11232
9 St & 44 Rd,11101
South St & Pike St,10002
E Fordham Rd & Webster Ave,10458
58 St & 2 Ave,11220
8 Ave & W 16 St,10011
8 Ave & W 24 St,10011
Old Fulton St,11201
Union Ave & N 12 St,11211
4 Ave & 3 St,11215
Pioneer St & Van Brunt St,11231
Madison St & Clinton St,10002
Murray St & West St,10007
E 1 St & Bowery,10003
Stanton St & Chrystie St,10002
2 Ave & 39 St,11215
Kent Ave & N 7 St,11249
Hudson St & Reade St,10013
Wythe Ave & Metropolitan Ave,11249
Perry St & Greenwich Ave,10014
Bridge St & York St,11201
W 16 St & The High Line,10011
W 22 St & 10 Ave,10011
3 St & 3 Ave,11215
E 2 St & 2 Ave,10003
E 153 St & E 157 St,10451
Bloomfield St & 15 St,7030
Monmouth and 6th,7302
Skillman Ave & 43 Ave,11101
Clarkson Ave & Utica Ave,11203
Pier 40 - Hudson River Park,10014
65 St & Broadway,10023
3 Ave & Franklin Ave,10456
36 Ave & 10 St,11106
W 211 St & 10 Ave,10034
Faile St & Garrison Ave,10474
Prospect Pl & Howard Ave,11233
30 St & 4 Ave,11232
Prospect Ave & Vanderbilt St,11218
Dey St,10007
Journal Square,7306
W 133 St & 12 Ave,10027
20 Ave & 42 St,11105
61 St & Laurel Hill Blvd,11377
Bergen Ave & E 152 St,10455
Webster Ave & E 166 St,10456
Southern Blvd & Tiffany St,10459
Icahn Stadium,10035
Midwood St & Kingston Ave,11203
West Farms Rd & Boone Ave,10459
JC Medical Center,7302
Madison St & 10 St,7030
Greenwood Ave & E 4 St,11218
20 Ave & 48 St,11105
White St & Moore St,11206
Prospect Ave & Greenwood Ave,11218
St. Ann's Ave & E 144 St,10454
Broadway & W 131 St,10027
Knickerbocker Ave & Hancock St,11221
Waterbury St & Stagg St,11206
12 St & 4 Ave,11215
4 Ave & 17 St,11215
Van Vorst Park,7302
Warren St,7302
Smith St & 9 St,11231
Stockholm St & Wilson Ave,11237
Clinton St & 4 Place,11231
Broadway & Roebling St,11211
Dock St & Front St,11201
16th St & 4th Ave,11215
Degraw St & Hoyt St,11231
Pike St & Monroe St,10002
Lorimer St & Broadway,11206
Orchard St & Grand St,10002
5 Ave & 37 St,11232
44 Dr & Jackson Ave,11101
Atlantic Ave & Furman St,11201
S 5 Pl & S 5 St,11211
Keegan Rd & 2 Ave,11220
27 St & Hunter St,11101
Hoyt St & Warren St,11217
Jay St & York St,11201
Barclay St & Church St,10007
W 20 St & 7 Ave,10011
Spring St & Hudson St,10013
2 Ave & 36 St,11232
Greene St & Prince St,10012
W 13 St & 7 Ave,10011
St James Pl & Oliver St,10038
W 11 St & 6 Ave,10011
Allen St & Stanton St,10002
E 5 St & Cooper Sq,10003
10 Ave & W 14 St,10014
Water St & Fletcher St,10038
3 St & Hoyt St,11231
Greenwich Ave & Charles St,10014
W 4 St & 7 Ave S,10014
7 Ave S & Bleecker St,10014
Forsyth St & Broome St,10002
Carmine St & 6 Ave,10014
DeKalb Ave & Hudson Ave,11217
University Pl & E 8 St,10003
W 20 St & 8 Ave,10011
W 92 St & Broadway,10025
Morris Canal,7302
Wakeman Pl & Ridge Blvd,11220
Steinway St & 19 Ave,11105
55 Dr & Maurice Ave,11378
W Tremont Ave & Matthewson Rd,10453
Adam Clayton Powell Blvd & W 151 St,10001
Clay Ave & Claremont Pkwy,10457
St Marks Ave & Thomas S. Boyland St,11233
Brook Ave & E 157 St,10451
65 St & 2 Ave,11220
Dahill Rd & 12 Ave,11218
St Johns Pl & Howard Ave,11233
Broadway & W 192 St,10040
14 St & 5 Ave,11215
Smith St & 3 St,11231
Bushwick Ave & McKibbin St,11206
Caton Ave & Argyle Rd,11226
Bailey Ave & W 193 St,10463
Sunken Meadow Comfort Station,10035
10 Ave & W 202 St,10034
Ocean Pkwy & Church Ave,11218
45 St & 4 Ave,11220
Washington Pl & Broadway,10003
Nevins St & Schermerhorn St,11217
3 Ave & Carroll St,11215
Graham Ave & Herbert St,11222
Cleveland Pl & Spring St,10012
Kane St & Clinton St,11201
Jay St & Tech Pl,11201
36 St & 3 Ave,11232
Milton St & Franklin St,11222
Broadway & Berry St,11249
Warren St & Smith St,11201
Motorgate,10044
6 Ave & Walker St,10013
Bayard St & Baxter St,10013
5 Ave & E 93 St,10128
Rutgers St & Henry St,10002
E 7 St & Avenue A,10009
W 13 St & 5 Ave,10011
Kent Ave & Division Ave,11249
Market St & Cherry St,10002
Vernon Blvd & 50 Ave,11101
Bergen St & Smith St,11201
Greenwich Ave & 8 Ave,10014
India St & Manhattan Ave,11222
Park Ave & St Edwards St,11205
South St & Whitehall St,10004
Atlantic Ave & Fort Greene Pl,11217
West St & Chambers St,10006
W 34 St & 11 Ave,10001
Allen St & Hester St,10002
Lispenard St & Broadway,10013
Adams St & 2 St,7030
Pitt St & Stanton St,10002
Willow Ave & 12 St,7030
Sherman Ave & Thayer St,10040
E 171 St & Webster Ave,10456
21 St & 21 Ave,11105
Alexander Ave & E 134 St,10454
Morris Ave & E 153 St,10451
Union St,7304
56 Dr & 59 St,11378
E 165 St & Clay Ave,10456
McDonald Ave & Vanderbilt St,11218
31 Ave & 14 St,11106
29 St & 5 Ave,11232
10 Ave & W 204 St,10034
Bergen Ave & Stegman St,7305
49 Ave & 21 St,11101
Wyckoff Av & Stanhope St,11237
Central Ave & Flushing Ave,11206
Lewis Ave & Madison St,11221
12 Ave & 36 St,11218
Throop Ave & Myrtle Ave,11206
57 Rd & 58 St,11378
Eliot Ave & 60 Ln,11378
Hazen St & 20 Ave,11370
Center Blvd & 51 Ave,11101
Frost St & Debevoise Ave,11222
E 102 St & 1 Ave,10029
Mama Johnson Field - 4 St & Jackson St,7030
Sharon St & Olive St,11211
7 St & 3 Ave,11215
Rutland Rd & E 45 St,11203
Morgan Ave & Maspeth Ave,11211
Forsyth St & Canal St,10002
Columbus Park - Clinton St & 9 St,7030
61 St & Queens Blvd,11377
58 St & Pier 4,11220
Lexington Ave & E 111 St,10029
3 Ave & Schermerhorn St,11217
Church Ave & McDonald Ave,11218
36 St & 4 Ave,11232
Whitehall St & Bridge St,10004
Ashland Pl & Dekalb Ave,11201
E 3 St & 1 Ave,10003
E 1 St & 1 Ave,10003
E 11 St & 3 Ave,10003
Dock 72 Way & Market St,11205
Jersey & 3rd,7302
Dyckman St & Staff St,10034
Webster Ave & Ford St,10457
Walnut Ave & E 136 St,10454
Kingston Ave & Montgomery St,11225
72 St & Woodside Ave,11377
Washington St,7310
Decatur Ave & Bedford Park Blvd,10458
Bulova Ave & Brooklyn Queens Expressway W,11377
Frederick Douglass Blvd & Harlem River Dr,10039
Front St & Jay St,11207
Withers St & Kingsland Ave,11211
Grand St & 14 St,7030
5 Ave & 66 St,11220
21 St & 38 Ave,11101
39 St & 47 Ave,11101
Wyckoff Ave & Cooper Ave,11237
Bailey Ave & Sedgwick Ave,10468
Schenectady Ave & Pacific St,11213
17 St & 5 Ave,11215
Grand Ave & Remsen Pl,11378
Bradley Ave & Greenpoint Ave,11101
Freeman St & Southern Blvd,10459
E 163 St & Union Ave,10459
10 St & 5 Ave,11215
Vernon Blvd & Queens Plaza S,11101
65 St & 35 Ave,11377
72 St & 41 Ave,11377
N 6 St & Bedford Ave,11249
Oakland Ave,7306
5 Ave & E 72 St,10021
Graham Ave & Conselyea St,11211
Caton Ave & E 10 St,11218
Tiebout Ave & E Fordham Road,10458
35 Ave & 37 St,11101
State St & Smith St,11201
Allen St & Rivington St,10002
E 10 St & 2 Ave,10003
Grand St & Greene St,10013
Canal St & Rutgers St,10002
Grand St & Elizabeth St,10012
Pacific St & Smith St,11201
Leonard St & Church St,10013
Newport Pkwy,7310
8 Ave & W 31 St,10001
43 St & Skillman Ave,11104
Central Ave & Melrose St,11206
E Mosholu Pkwy & E 204 St,10458
Adam Clayton Powell Blvd & W 115 St,10026
St Mary's St & Jackson Ave,10454
Grand St,10002
4 Ave & Shore Road Dr,11220
E 174 St & Longfellow Ave,10460
Townsend Ave & E 175 St,10453
Clermont Ave & Park Ave,11205
35 St & Broadway,10018
Borden Ave & Review Ave,11101
Decatur Ave & E 197 St,10458
River Ave & McClellan St,10452
47 Ave & Skillman Ave,11101
3 Ave & E 169 St,10456
City Hall,7302
W 204 St & Vermilyea Ave,10034
Decatur Ave & Oliver Pl,10458
Church Sq Park - 5 St & Park Ave,7030
Meserole Ave & Manhattan Ave,11222
Carroll St & Bond St,11231
E 170 St & Webster Ave,10456
Howard St & Lafayette St,10013
Irving Ave & DeKalb Ave,11237
30 St & 48 Ave,11101
E 167 St & Clay Ave,10456
South Waterfront Walkway - Sinatra Dr & 1 St,7030
Cherry St,10002
Montrose Ave & Bushwick Ave,11206
Peck Slip & South St,10038
Broadway & E 19 St,10003
Main St & Plymouth St,11201
E 6 St & 2 Ave,10003
Nassau Ave & Russell St,11222
E 17 St & Broadway,10003
Washington Pl & 6 Ave,10011
College Ave & E 169 St,10456
28 Ave & 44 St,11103
Astor Place,7304
Jersey & 6th St,7302
52 St & 6 Ave,11220
Dyckman St & 10 Ave,10034
Myrtle Ave & 65 St,11385
64 St & Woodbine St,11385
Steinway St & 21 Ave,11105
Great Jones St,10012
Clinton St & 7 St,7030
Pershing Field,7307
Riverview Park,7307
49 St & 31 Ave,11377
Aqueduct Ave & North St,10468
Lincoln Park,7304
Albany Ave & Winthrop St,11203
Edgecombe Ave & W 141 St,10030
E 138 St & Grand Concourse,10451
Aqueduct Ave & W 190 St,10468
Chester Ave & 12 Ave,11218
Andrews Ave S & W 179 St,10453
51 St & Hobart St,11377
9 Ave & W 204 St,10034
Longfellow Ave & E 165 St,10459
Evergreen Ave & Noll St,11206
Jerome Ave & W Fordham Rd,10468
Bronx Shore Comfort Station,10035
E 76 St & Park Ave,10021
Astoria Park S & Shore Blvd,11102
Warren St & Court St,11201
E 103 St & Lexington Ave,10029
Lexington Ave & E 127 St,10035
Stagg St & Union Ave,11211
Albee Square W & Fulton St,11201
Harrison St & Hudson St,10013
Congress St & Clinton St,11201
12 Ave & W 40 St,10036
Nassau St & Navy St,11205
Willoughby St & Fleet St,11201
E 12 St & 3 Ave,10003
Dean St & Hoyt St,11217
Paulus Hook,7302
Jefferson Ave & Evergreen Ave,11221
Crescent St & 30 Ave,11102
6 Ave & 55 St,10019
31 Ave & Crescent St,11106
40 Ave & 9 St,11101
Metropolitan Ave & Flushing Ave,11378
24 St & 5 Ave,10010
Willis Ave & E 141 St,10454
Grant Ave & MLK Dr,7305
E 144 St & Brook Ave,10454
Grand Ave & 55 St,11378
Maple St & Albany Ave,11203
Bushwick Ave & Forrest St,11206
56 Dr & 61 St,11378
63 St & 59 Dr,11378
E 141 St & Jackson Ave,10454
21 St & 36 Ave,11106
Dean St & Franklin Ave,11238
31 Pl & Hunters Point Ave,11101
Jerome Ave & E 181 St,10453
24 St & 38 Ave,11101
E 133 St & Cypress Pl,10454
Grand Ave & 58 Ave,11378
Morris Ave & McClellan St,10456
3 Ave & E 112 St,10029
Brunswick St,7302
McGinley Square,7306
34 Ave & 45 St,11101
Lenox Ave & W 144 St,10037
Prospect Pl & 6 Ave,11217
Kingston Ave & Herkimer St,11213
34 Ave & 48 St,11101
53 St & 4 Ave,11220
5 Ave & 3 St,11215
Willoughby Ave & Onderdonk Ave,11385
Parade Pl & Crooke Ave,11226
E 84 St & 1 Ave,10028
7 Ave & 62 St,11220
Madison Ave & E 82 St,10028
E 161 St & River Ave,10451
Hanson Pl & Ashland Pl,11217
Johnson St & Gold St,11201
Greenwich St & Rector St,10006
Broadway & Battery Pl,10004
Broadway & Morris St,10006
Adams St & Prospect St,11201
Bus Slip & State St,10004
Centre St & Worth St,10013
E 157 St & River Ave,10451
Columbus Drive,7302
Leonard Gordon Park,7307
Brook Ave & E 138 St,10454
Crotona Park North & Prospect Ave,10457
Stanton St & Mangin St,10002
St. Ann's Av & Bruckner Blvd,10454
Kosciuszko St & Tompkins Ave,11216
Sedgwick Ave & W Burnside Ave,10453
Dixon Mills,7302
Dawson St & Intervale Ave,10459
Macon St & Patchen Ave,11233
60 Pl & Linden St,11385
Woodside Ave & Roosevelt Ave,11377
Ditmars Blvd & 73 St,11370
E 169 St & Webster Ave,10456
University Ave & W 168 St,10452
Wales Ave & E 147 St,10455
York St & Marin Blvd,7302
43 Ave & 40 St,11104
Concord St & Bridge St,11201
3 Ave & 17 St,11232
Onderdonk Ave & Gates Ave,11385
21 Ave & 80 St,11370
St Nicholas Ave & W 137 St,10030
Liberty Light Rail,7304
Seaman Ave & Isham St,10034
43 St & Broadway,11103
W 192 St & University Ave,10468
57 St & 7 Ave,10106
34 Ave & 21 St,11105
Henry St & Degraw St,11231
Kingsland Ave & Nassau Ave,11222
Westchester Ave & E 156 St,10455
Church Ave & Story St,11218
Broadway & 49 St,11377
Ralph Ave & Fulton St,11233
Buffalo Ave & E New York Ave,11213
Central Ave & Himrod St,11221
E 114 St & 1 Ave,10029
Morgan Ave & Lombardy St,11222
McKibbin St & Bogart St,11237
Greenwich St & Hubert St,10013
Nagle Ave & Thayer St,10040
E 88 St & Park Ave,10128
Prospect Park SW & Vanderbilt St,11218
E 72 St & Park Ave,10021
Division Ave & Hooper St,11211
Warren St & W Broadway,10007
St Marks Pl & 2 Ave,10003
Lafayette St & Grand St,10013
Crescent St & Broadway,11103
Baldwin at Montgomery,7304
Lafayette Park,7304
E 141 St & St Ann's Ave,10454
Bainbridge Ave & E 196 St,10458
Walton Ave & E 171 St,10452
Willoughby Ave & Walworth St,11205
Washington Ave & Greene Ave,11238
Marshall St & 2 St,7030
Goulden Ave & Bedford Park Blvd W,10468
39 Ave & 56 St,11377
Rogers Pl & E 165 St,10459
Jerome Ave & W 193 St,10468
Jerome Ave & W 184 St,10468
41 Ave & 67 St,11377
Westchester Ave & Southern Blvd,10459
Union Ave & E 169 St,10459
Academy St & Nagle Ave,10034
27 Ave & 3 St,11102
Fresh Pond Rd & Eliot Ave,11379
4 St & Grand St,7302
6 St & Grand St,7030
8 St & Astoria Blvd,11102
Fresh Pond Rd & Flushing Ave,11378
Van Dam St & Greenpoint Ave,11101
Carroll St & Utica Ave,11213
Pleasant Ave & E 116 St,10029
Adam Clayton Powell Blvd & W 141 St,10030
W 145 St & Amsterdam Ave,10031
McKibbin St & Manhattan Ave,11206
Lenox Ave & W 140 St,10037
Cooper Ave & 65 Pl,11385
E 78 St & 2 Ave,10075
St. Nicholas Ave & W 155 St,10032
River Ave & E 153 St,10451
Ryer Ave & E 182 St,10457
E 106 St & 1 Ave,10029
Park Pl & Thomas S. Boyland St,11233
Maple St & New York Ave,11225
W 111 St & 5 Ave,10026
E 106 St & Lexington Ave,10029
W 29 St & 9 Ave,10001
Hilltop,7306
Amsterdam Ave & W 119 St,10027
Degraw St & Smith St,11231
Railroad Ave & Kay Ave,11249
Greene Av & Myrtle Av,11237
3 Ave & E 72 St,10021
Centre St & Chambers St,10013
E Houston St & Columbia St,10002
Lafayette Ave & Ft Greene Pl,11217
Berkeley Pl & 6 Ave,11217
Vernon Blvd & 10 St,11106
Fulton St & William St,10038
Sands St & Jay St,11201
Duffield St & Willoughby St,11201
W 26 St & 10 Ave,10001
Clinton St & Grand St,10002
Bainbridge Ave & Bedford Park Blvd,10458
Crescent St & Ditmars Blvd,11105
Edgecombe Ave & W 145 St,10030
Bergen Ave,7304
Hancock St & Malcolm X Blvd,11233
Walton Ave & E 153 St,10451
E 163 St & Tiffany St,10459
Bergen St & Saratoga Ave,11233
Brooklyn Ave & Dean St,11216
Broadway & W 220 St,10034
Melrose Ave & E 154 St,10455
Newport PATH,7310
Sedgwick Ave & W Tremont Ave,10453
Amsterdam Ave & W 183 St,10033
E 156 & Brook Ave,10455
DeKalb Ave & S Portland Ave,11201
Willis Ave & Bruckner Blvd,10454
Dyckman St & Henshaw St,10034
Adams St & 11 St,7030
Schenectady Ave & Maple St,11203
Somers St & Rockaway Ave,11233
Pacific St & Troy Ave,11213
57 Rd & 59 St,11378
Central Ave & Weirfield St,11221
31 Ave & 61 St,11377
Catalpa Ave & Woodward Ave,11385
E 138 St & Park Ave,10451
Marion Ave & Mosholu Pkwy,10458
Nostrand Ave & Myrtle Ave,11205
Southwest Park - Jackson St & Observer Hwy,7030
E 117 St & 1 Ave,10035
Lenox Ave & W 146 St,10039
Boston Rd & E 167 St,10456
76 St & 21 Ave,11370
Winthrop St & Schenectady Ave,11203
11 St & Washington St,7030
1 Ave & E 110 St,10029
2 Ave & E 122 St,10035
Wilson Ave & Troutman St,11206
Mt Morris Park W & W 120 St,10027
E 165 St & Fox St,10459
3 Ave & Wakeman Pl,11220
35 Ave & 10 St,11106
Bushwick Ave & Powers St,11211
Lenox Ave & W 111 St,10026
E 115 St & Madison Ave,10029
Henry St & Grand St,10002
Botanical Sq & Webster Ave,10458
Carroll St & Smith St,11231
10 Ave & W 207 St,10034
2 Ave & E 96 St,10128
River Ter & Warren St,10282
Washington Ave & Park Ave,11205
Broadway & E 14 St,10003
Macombs Rd & Featherbed Ln,10452
34 St & 35 Ave,11106
Linden St & Knickerbocker Ave,11221
Clinton St & Newark St,7030
Brunswick & 6th,7302
2 St & Park Ave,7030
Pinehurst Ave & W 187 St,10033
Menahan St & Seneca Ave,11385
Prospect Ave & E 167 St,10456
Norman St & Wyckoff Ave,11385
Greene Ave & Grandview Ave,11385
39 St & Queens Blvd,11101
Ogden Ave & Merriam Ave,10452
11 Ave & Prospect Ave,11215
Irving Ave & Halsey St,11237
W 107 St & Columbus Ave,10025
Fulton St & Saratoga Ave,11233
E Burnside Ave & Ryer Ave,10457
St Felix Ave & 61 St,11385
60 St & 37 Ave,11377
Grand Concourse & E 192 St,10458
Glenwood Ave,7306
Manila & 1st,7302
34 Ave & 13 St,11106
River Ave & E 151 St,10451
43 St & 37 Ave,11101
39 Ave & 54 St,11377
Southern Blvd & Avenue St. John,10455
Winthrop St & Rogers Ave,11225
Skillman Ave & Honeywell St,11101
Sands St Gate,11201
E 161 St & Park Ave,10451
New York Ave & Hawthorne St,11203
Richardson St & N Henry St,11222
Carroll St & 6 Ave,11215
E 128 St & Madison Ave,10035
Prospect Ave & E 151 St,10455
Cedar Ave & W Fordham Rd,10468
69 St & 38 Ave,11377
W 37 St & 10 Ave,10018
11 Ave & W 59 St,10019
40 St & Queens Blvd,11104
43 St & 35 Ave,11101
Franklin Ave & Myrtle Ave,11205
65 St & Roosevelt Ave,11377
Front St & Gold St,11201
W 35 St & 8 Ave,10001
Wards Meadow Comfort Station,10035
Fulton Ave & St. Paul's Pl,10456
W 176 St & Montgomery Ave,10453
60 Pl & 67 Ave,11385
W 181 St & Riverside Dr,10033
Featherbed Ln & Jerome Ave,10453
Madison St & Evergreen Ave,11221
E 155 St & Courtlandt Ave,10455
Jerome Ave & E 164 St,10452
Lexington Ave & Classon Ave,11238
Willoughby Ave & Myrtle Ave,11221
Beck St & Leggett Ave,10455
Woodside Ave & 69 St,11377
Cambridge Pl & Gates Ave,11238
5 Corners Library,7306
Macombs Rd & W 175 St,10453
Broadway & Ellwood St,10034
Shakespeare Ave & W 169 St,10452
Franklin Ave & E 169 St,10456
Halsey St & Broadway,11233
24 Ave & 26 St,11102
Madison St & Woodward Ave,11385
Pacific St & Utica Ave,11213
Pleasant Ave & E 120 St,10035
Bedford Ave & Fenimore St,11225
Halsey St & Tompkins Ave,11216
Old Broadway & W 133 St,10027
Carroll St & Rochester Ave,11213
Bergen St & Buffalo Ave,11213
Eastern Pkwy & Ralph Ave,11233
Pacific St & Thomas S. Boyland St,11233
E 135 St & St Ann's Ave,10454
9 Ave & W 45 St,10036
Soissons Landing,10004
Hamilton Park,7302
5 Ave & 41 St,11232
E 150 St & Gerard Ave,10451
Macombs Pl & W 152 St,10039
Maiden Ln & Pearl St,10038
Congress St & Hicks St,11201
Division Ave & Marcy Ave,11211
5 Ave & E 87 St,10028
1 Ave & E 94 St,10128
Albany St & Greenwich St,10006
Nassau St & Duffield St,11201
1 Ave & E 6 St,10009
Crotona Park East & E 173 St,10460
Goulden Ave & W 205 St,10468
Stephen St & Seneca Ave,11385
Sherman Ave & E 166 St,10456
Southern Blvd & E 175 St,10460
DeKalb Ave & Franklin Ave,11205
30 Ave & 21 St,11102
Willoughby Ave & Tompkins Ave,11206
Gerard Ave & E 165 St,10452
Madison St & Cypress Ave,11385
Gerard Ave & E 146 St,10451
Amsterdam Ave & W 131 St,10027
46 St & 25 Ave,11103
5 Ave & W 131 St,10037
37 St & 24 Ave,11103
Grand Concourse & East Mount Eden Ave,10452
St Ann's Ave & Westchester Ave,10455
Hancock St & Stuyvesant Ave,11233
Onderdonk Ave & Dekalb Ave,11385
Sumpter St & Fulton St,11233
Central Ave & Woodbine St,11221
Rogers Ave & Sterling St,11225
Lewis Ave & Decatur St,11233
60 Ave & Fresh Pond Rd,11378
Hicks St & Montague St,11201
Albany Ave & Carroll St,11213
Putnam Ave & Ralph Ave,11221
Louis Nine Blvd & Intervale Ave,10459
36 St & 47 Ave,11101
Marcus Garvey Blvd & Macon St,11216
69 St & 43 Ave,11377
Brook Ave & E 148 St,10455
Monroe St & Tompkins Ave,11216
61 St & Woodside Ave,11377
Fairmount Ave,7306
Montgomery St & Franklin Ave,11225
Pacific St & Rochester Ave,11233
Cypress Ave & George St,11385
Woodside Ave & 60 St,11377
Ditmars Blvd & 48 St,11105
51 St & Queens Blvd,11377
E 158 St & Melrose Ave,10451
62 St & 4 Ave,11220
Freeman St & Reverend James A Polite Ave,10459
E 138 St & 5 Av,10037
W 204 St & Nagle Ave,10034
23 Ave & 27 St,11105
Nagle Ave & Ellwood St,10040
31 Ave & 57 St,11377
Park Ave & E 162 St,10451
Jerome Ave & Ogden Ave,10452
Henry St & Remsen St,11201
Nelson Ave & 167 St,10452
6 Ave & 21 St,11215
40 Ave & Crescent St,11101
30 Ave & 41 St,11103
5 St & 6 Ave,11215
Empire Blvd & New York Ave,11225
Essex Light Rail,7302
E 106 St & Madison Ave,10029
54 St & 37 Ave,11377
Riverside Dr & Broadway,10040
Sterling St & Nostrand Ave,11225
West St & Liberty St,10006
St Nicholas Ave & W 134 St,10030
E 82 St & East End Ave,10028
E 95 St & 3 Ave,10128
9 Ave & W 39 St,10018
Bergen Ave & Sip Ave,7306
Lenox Ave & W 126 St,10027
E 81 St & 3 Ave,10028
Cauldwell Ave & E 158 St,10456
Anthony Ave & E Tremont Ave,10457
Grand Concourse & E 205 St,10468
Featherbed Ln & Nelson Ave,10452
E 142 St & 3 Ave,10454
Stanhope St & Fairview Ave,11385
Morris Ave & E 171 St,10457
Gerard Ave & E 164 St,10452
Willis Ave & E 137 St,10454
Grand Concourse & E 156 St,10451
Carroll St & Franklin Ave,11225
Washington Ave & E 174 St,10457
Brook Ave & E 141 St,10454
Ogden Ave & W 165 St,10452
Bleecker St & Forest Ave,11385
Seaman Ave & Beak St,10034
St Marks Ave & Ralph Ave,11233
Intervale Ave & Kelly St,10459
24 St & 41 Ave,11101
48 St & Skillman Ave,11104
Pulaski St & Marcus Garvey Blvd,11206
Fairview Ave & Linden St,11385
Powers St & Olive St,11211
Tiebout Ave & E 184 St,10458
9 St HBLR - Jackson St & 8 St,7030
39 St & 50 Ave,11104
Jerome Ave & Anderson Ave,10452
E Tremont Ave & Jerome Ave,10453
Cathedral Pkwy & Broadway,10025
39 Ave & 45 St,11104
Monroe St & Patchen Ave,11221
Macon St & Howard Ave,11233
58 St & 32 Ave,11377
Newton Rd & 44 St,11103
Greene Ave & Throop Ave,11221
Malcolm X Blvd & DeKalb Ave,11221
Ditmars Blvd & 76 St,11370
E 132 St & Madison Ave,10037
5 Ave & E 135 St,10037
MacDougal St & Rockaway Ave,11233
23 St & 31 Ave,11106
Lewis Ave & Fulton St,11213
Steinway St & Ditmars Blvd,11105
Dean St & Rockaway Ave,11233
62 St & 43 Ave,11377
23 Rd & 31 St,11105
Queens Blvd & 56 St,11377
10 Ave & W 215 St,10034
Prospect Ave & Jennings St,10459
21 St & 31 Dr,11106
DeKalb Ave & Vanderbilt Ave,11205
56 St & Arnold Ave,11378
Morris Ave & E 163 St,10451
Adam Clayton Powell Blvd & W 132 St,10027
31 Ave & 34 St,11103
E 138 St & Cypress Ave,10454
7 Ave & 17 St,11215
Edgecombe Ave & W 167 St,10032
Lexington Ave & E 36 St,10016
Hoboken Terminal - Hudson St & Hudson Pl,7030
Grand Concourse & E 161 St,10451
Eldert St & Bushwick Ave,11207
57 St & 37 Ave,11377
7 St & Monroe St,7030
37 Ave & 63 St,11377
50 St & Northern Blvd,11101
University Ave & W Burnside Ave,10453
67 St & Erik Pl,11220
48 St & 37 Ave,11104
Jerome Ave & W 177 St,10453
61 St & 39 Ave,11377
Hoboken Ave at Monmouth St,7310
E 91 St & Park Ave,10128
12 Ave & W 125 St,10027
Cadman Plaza E & Red Cross Pl,11201
McGuinness Blvd & Eagle St,11222
E 81 St & Park Ave,10028
5 Ave & E 78 St,10021
W 25 St & 9 Ave,10001
W 15 St & 6 Ave,10011
46 St & 28 Ave,11103
Walton Ave & E 168 St,10452
Popham Ave & W 174 St,10453
Fulton Ave & E 168 St,10456
38 Ave & 29 St,11377
61 St & 60 Ln,11385
Amsterdam Ave & W 66 St,10023
Charlotte St & Boston Rd,10460
Washington Ave & E 167 St,10456
W 163 St & Edgecombe Ave,10032
E 182 St & Morris Ave,10453
Woodward Ave & Harman St,11385
6 St & 7 Ave,11215
Schenectady Ave & Prospect Pl,11213
Tompkins Ave & Hopkins St,11206
39 Dr & 52 St,11377
Broadway & W 185 St,10033
E 169 St & Fox St,10459
Woodside Ave & 55 St,11377
Ogden Ave & W 164 St,10452
Putnam Ave & Nostrand Ave,11216
Anderson Ave & W 164 St,10452
7 Ave & 20 St,11215
Lincoln Pl & Nostrand Ave,11216
Park Pl & Franklin Ave,11238
65 Pl & Woodside Ave,11377
Buchanan Pl & Grand Ave,10453
Cypress Hills St & Otto Rd,11385
Nostrand Ave & Rutland Rd,11225
Anthony Ave & E 175 St,10457
W 163 St & Riverside Dr,10032
Morris Ave & E 142 St,10451
34 Ave & 31 St,11106
53 St & Flushing Ave,11378
20 Ave & 21 St,11105
Verona Pl & Fulton St,11216
Clay Ave & E 173 St,10457
Halsey St & Ralph Ave,11233
Fulton Ave & E 172 St,10457
Melrose St & Broadway,11206
Hancock St & Wyckoff Ave,11385
Boone Ave & E 172 St,10460
Bedford Ave & Clarkson Ave,11226
43 St & 50 Ave,11377
St. Nicholas Ave & W 157 St,10032
Bradhurst Ave & W 148 St,10039
3 Ave & E 170 St,10456
Jerome Ave & E 198 St,10468
Sterling St & Bedford Ave,11225
E 165 St & Jerome Ave,10452
Park Pl & Buffalo Ave,11213
W 190 St & Broadway,10040
E Tremont Ave & E 176 St,10457
University Ave & Brandt Pl,10453
St Johns Pl & Utica Ave,11213
Broadway & W 133 St,10027
Macon St & Lewis Ave,11233
5 Av & W 139 St,10037
6 Ave & 60 St,11220
Cypress Ave & St Felix Ave,11385
Audobon Ave & W 179 St,10033
W 218 St & Indian Rd,10034
Chauncey St & Howard Ave,11233
Riverside Dr & W 153 St,10031
Amsterdam Ave & W 180 St,10033
Lenox Ave & W 130 St,10037
Bergen St & Vanderbilt Ave,11238
Broadway & W 165 St,10032
Underhill Ave & Pacific St,11238
Bergen St & Mother Gaston Blvd,11233
Lewis Ave & Greene Ave,11221
Courtlandt Ave & E 149 St,10455
42 Pl & Northern Blvd,11101
Lincoln Ave & E 138 St,10451
Flatbush Ave & Fenimore St,11225
Carlton Ave & Dean St,11238
Parkside Ave & Flatbush Ave,11225
28 St & 36 Ave,11106
36 St & Ditmars Blvd,11105
E 118 St & Madison Ave,10035
East End Ave & E 86 St,10028
Marin Light Rail,7302
Adelphi St & Myrtle Ave,11205
Broadway & 51 St,11377
W 50 St & 9 Ave,10019
Broadway & 12 St,11106
Union Ave & Wallabout St,11206
Schermerhorn St & Hoyt St,11201
Cauldwell Ave & E 161 St,10456
E 201 St & Briggs Ave,10458
Seneca Ave & Irvine St,10474
Mount Eden Pkwy & Eastburn Ave,10457
60 St & 60 Rd,11378
E 170 St & Clay Ave,10456
Southern Blvd & E 172 St,10460
Morris Ave & E Burnside Ave,10453
47 Ave & 48 St,11377
Summerfield St & Cypress Ave,11385
Grand Ave & W 181 St,10453
Moffat St & Bushwick,11207
3 Ave & E 172 St,10457
Knickerbocker Ave & Halsey St,11207
Fulton St & Utica Ave,11233
Boston Rd & Prospect Ave,10456
Wilkins Ave & Crotona Park E,10460
Barry St & Tiffany St,10474
Loring Pl North & W 183 St,10453
Herkimer St & Eastern Pkwy,11233
Paul Ave & W 205 St,10468
33 St & 47 Ave,11101
Goulden Ave & W 197 St,10468
Amsterdam Ave & W 152 St,10031
Harman St & Seneca Ave,11385
36 St & Hunters Point Ave,11101
Edgecombe Ave & W 150 St,10031
57 St & 43 Ave,11377
Paul Ave & Mosholu Pkwy,10468
Tinton Ave & E 165 St,10459
Broadway & W 153 St,10031
E 128 St & 3 Ave,10035
Thomas S. Boyland St & Marion St,11233
Sullivan Pl & Bedford Ave,11225
Morris Ave & E 184 St,10468
Sterling Pl & Ralph Ave,11233
Patchen Ave & Bainbridge St,11233
Lafayette Ave & Hunts Point Ave,10474
Hamilton Pl & W 140 St,10031
Windsor Pl & 8 Ave,11215
48 St & 50 Ave,11377
Seneca Ave & Decatur St,11385
65 St & Otto Rd,11385
Monroe St & Marcus Garvey Blvd,11221
Adam Clayton Powell Blvd & W 130 St,10027
Grand Concourse & E 166 St,10456
Grand Ave & W Fordham Rd,10468
Hunts Point Ave & Bryant Ave,10474
Wadsworth Ave & W 175 St,10033
Amsterdam Ave & W 167 St,10032
Amory Ct & Metropolitan Ave,11385
Crown St & Rogers Ave,11225
Webb Ave & W 190 St,10468
14 St & 7 Ave,11215
Grand Concourse & E 164 St,10451
55 St & Northern Blvd,11377
19 St & 24 Ave,11102
W 46 St & 11 Ave,10036
Bainbridge Ave & E 198 St,10458
Pierrepont St & Monroe Pl,11201
Winthrop St & Nostrand Ave,11225
Christ Hospital,7306
E 55 St & 2 Ave,10022
Grand Concourse & E 144 St,10451
50 St & Barnett Ave,11104
63 St & 5 Ave,10019
Broadway & Madison St,11221
Ditmars Blvd & 79 St,11370
Lexington Ave & E 128 St,10035
E 39 St & 2 Ave,10016
Adam Clayton Powell Blvd & W 118 St,10026
Intervale Ave & Westchester Ave,10459
Concourse Village East & E 158 St,10451
Shore Blvd & Astoria Park,11105
64 St & 3 Ave,11220
Amsterdam Ave & W 125 St,10035
Central Park West & W 72 St,10023
W 27 St & 7 Ave,10001
Sedgwick Ave & Hall of Fame Tce,10453
Irving Ave & Palmetto St,11237
Sheridan Ave & E 168 St,10456
Ft. Washington Ave & W 190 St,10040
Eastern Pkwy & Brooklyn Ave,11213
Skillman Ave & 54 St,11377
Park Pl & Utica Ave,11213
Andrew Ave N & Hall of Fame Tce,10453
57 St & Grand Ave,11378
W Tremont Ave & Grand Ave,10453
Waterloo Pl & Crotona Park East,10460
Myrtle Ave & Lewis Ave,11206
Monroe St & Classon Ave,11238
E 149 St & Eagle Ave,10455
48 Ave & 37 St,11101
Menahan St & Onderdonk Ave,11385
Hoe Ave & Jennings St,10460
W Burnside Ave & University Ave,10453
48 Ave & 41 St,11104
Grand Concourse & E 197 St,10458
Grand Concourse & E 175 St,10453
Kingston Ave & Carroll St,11213
Van Sinderen Ave & Atlantic Ave,11207
Menahan St & Wyckoff Ave,11237
Lexington Ave & Stuyvesant Ave,11221
Stuyvesant Ave & Gates Ave,11221
Willis Ave & E 143 St,10454
Harlem River Dr & W 155 St,10039
Pacific St & Classon Ave,11238
Broadway & W 138 St,10031
20 Ave & 31 St,11105
Myrtle Ave & Marcy Ave,11206
Steinway St & 23 Ave,11105
59 St & 59 Rd,11378
53 St & Roosevelt Ave,11377
Madison St & 1 St,7030
Walton Ave & E 176 St,10453
W 148 St & Amsterdam Ave,10031
E 106 St & 2 Ave,10029
Halsey St & Evergreen Ave,11207
Madison St & Seneca Ave,11385
50 St & 7 Ave,11220
51 St & 43 Ave,11377
43 Ave & 42 St,11104
Rogers Ave & Lincoln Rd,11225
W 140 St & Riverside Dr,10031
Maple St & Flatbush Ave,11225
E 171 St & 3 Ave,10456
Forest Ave & Summerfield St,11385
Ditmars Blvd & 43 St,11105
Lenox Ave & W 133 St,10037
Lincoln Rd & Ocean Ave,11225
W 144 St & Adam Clayton Powell Blvd,10030
Myrtle Ave & Grove St,11237
Amsterdam Ave & W 172 St,10032
West End Ave & W 94 St,10025
W 180 St & Ft Washington Ave,10033
Lefferts Pl & Franklin Ave,11238
E 23 St & 1 Ave,10010
Steinway St & 28 Ave,11103
Jerome Ave & Bedford Park Blvd E,10468
36 Ave & 31 St,11106
Cumberland St & Lafayette Ave,11205
Southern Blvd & E 149 St,10455
3 Ave & E 100 St,10029
48 St & 5 Ave,11220
S Portland Ave & Hanson Pl,11217
W 155 St & Frederick Douglass Blvd,10039
Walton Ave & E 183 St,10468
Court St & State St,11201
E 89 St & York Ave,10128
20 Ave & Shore Blvd,11105
31 St & Hoyt Ave N,11102
Picnic Point,11231
Pearl St & York St,11201
W 20 St & 5 Ave,10011
W Tremont Ave & Montgomery Ave,10453
W 170 St & University Ave,10452
49 St & 25 Ave,11103
21 Ave & Shore Blvd,11105
Nelson Ave & W 172 St,10452
Grand Concourse & E Mosholu Pkwy S,10458
Windsor Pl & Howard Pl,11215
Albany Ave & Park Pl,11213
E 167 St & Franklin Ave,10456
St Marks Ave & Rochester Ave,11213
MacDonough St & Malcolm X Blvd,11233
Amsterdam Ave & W 186 St,10033
Marcy Ave & Lafayette Ave,11216
Prospect Pl & Nostrand Ave,11216
Grand Concourse & E 199 St,10458
46 St & 30 Rd,11103
Amsterdam Ave & W 136 St,10031
St Nicholas Ave & W 150 St,10031
Palmetto St & Traffic Ave,11385
E 156 St & Courtlandt Ave,10451
Decatur St & Saratoga Ave,11233
Pacific St & Nostrand Ave,11216
Columbus Pl & Atlantic Ave,11233
Amsterdam Ave & W 189 St,10040
Buffalo Ave & St Johns Pl,11213
E 160 St & Tinton Ave,10456
W 159 St & Edgecombe Ave,10032
Troy Ave & Park Pl,11213
Madison St & Forest Ave,11385
Fulton St & Williams Ave,11207
Macon St & Nostrand Ave,11216
Central Ave & Starr Street,11221
Chauncey St & Malcolm X Blvd,11233
Adam Clayton Powell Blvd & W 138 St,10030
Bedford Ave & Maple St,11225
Cabrini Blvd & W 177 St,10033
5 Ave & W 126 St,10035
Broadway & W 142 St,10031
Westchester Ave & Jackson Ave,10455
Broadway & W 160 St,10032
Brevoort Pl & Bedford Ave,11216
Centre St & Seneca Ave,11385
Bergen St & Troy Ave,11213
Kosciuszko St & Nostrand Ave,11216
Washington Park,11205
E 98 St & Park Ave,10029
St. Nicholas Terrace & Convent Ave,10031
Greenpoint Ave & 47 St,11377
50 St & 30 Ave,11377
Monroe St & Bedford Ave,11216
43 St & 23 Ave,11105
Eastern Pkwy & Rochester Ave,11213
38 St & Northern Blvd,11101
35 St & 23 Ave,11105
Union St & Bedford Ave,11225
Cedar St & Evergreen Ave,11221
E 147 St & Bergen Ave,10455
Sullivan Pl & Franklin Ave,11225
Hancock St & Bedford Ave,11216
Garfield Pl & 8 Ave,11215
3 St & Prospect Park West,11215
Classon Ave & St Marks Ave,11238
E 149 St & Park Ave,10451
47 Ave & 31 St,11101
Harborside,7302
2 Ave & E 104 St,10029
W 37 St & Broadway,10018
Myrtle Ave & Fleet Pl,11201
Clinton St & Joralemon St,11201
W 41 St & 8 Ave,10018
E 2 St & Avenue A,10009
10 St & 7 Ave,11215
Thomas S. Boyland St & Macon St,11207
E New York Ave & Troy Ave,11203
Prospect Pl & Underhill Ave,11238
Amsterdam Ave & W 175 St,10033
Bedford Park Blvd & Paul Ave,10468
34 St & 48 Ave,11101
Putnam Ave & Throop Ave,11221
Concourse Village West & E 156 St,10451
30 Ave & 47 St,11103
Valentine Ave & E 181 St,10457
46 St & 7 Ave,11220
Audubon Ave & W 192 St,10040
Kingston Ave & Park Pl,11213
Frederick Douglass Blvd & W 139 St,10030
MacDonough St & Marcy Ave,11216
25 Ave & 41 St,11103
St. Johns Pl & Kingston Ave,11213
Sheridan Ave & E 172 St,10457
46 St & 6 Ave,11220
Bergen St & Kingston Ave,11213
Sterling Pl & Schenectady Ave,11213
E Mosholu Pkwy & Van Cortlandt Ave E,10458
57 St & 4 Ave,11220
Schenectady Ave & President St,11213
18 St & 27 Ave,11102
E 149 St & Jackson Ave,10455
Audubon Ave & Fort George Ave,10040
Prospect Park West & 8 St,11215
Sterling Pl & Rochester Ave,11213
Westchester Ave & Longwood Ave,10459
Grand Ave & Bergen St,11238
Crescent St & 35 Ave,11106
Putnam Ave & Wyckoff Ave,11385
Eastern Pkwy & Schenectady Ave,11213
New York Ave & St Marks Ave,11213
Prospect Park W & 20 St,11215
33 St & Queens Blvd,11101
Sterling Pl & Bedford Ave,11216
Central Ave & Decatur St,11207
E 58 St & 1 Ave (NE Corner),10022
Melrose Ave & E 150 St,10455
E 115 St & Lexington Ave,10029
Herkimer St & New York Ave,11216
35 St & 34 Ave,11106
6 Ave & 9 St,11215
37 Ave & 35 St,11101
W 218 St & Broadway,10034
W 53 St & 10 Ave,10019
Isham St & Broadway,10034
Lexington Ave & E 120 St,10035
Adam Clayton Powell Blvd & W 123 St,10027
Exchange Pl,7302
Bergen St & 4 Ave,11217
E 188 St & Creston Ave,10468
Southpoint Park,10044
E 149 St & Morris Ave,10451
Henry St & Middagh St,11201
5 St & Market St,11205
Bridge St & Water St,11201
Rivington St & Ridge St,10002
W 34 St & Hudson Blvd E,10001
21 St & 23 Ave,11105
Riverside Dr & W 148 St,10031
Convent Ave & W 151 St,10031
Valentine Ave & E 183 St,10458
Weeks Ave & E 175 St,10457
19 St & 8 Ave,11215
Creston Ave & E 181 St,10453
Jerome Ave & E Mosholu Parkway S,10467
University Ave & Macombs Rd,10452
36 St & Queens Blvd,11101
7 Ave & 41 St,11232
35 St & 21 Ave,11105
34 St & 38 Ave,11101
Lafayette Ave & Stuyvesant Ave,11221
College Ave & E 170 St,10456
3 St & 7 Ave,11215
Thomas S. Boyland St & Fulton St,11233
Rockaway Ave & Bainbridge St,11207
Bedford Ave & Bergen St,11216
7 Ave & Park Pl,11217
Carroll St & Washington Ave,11225
Knickerbocker Ave & Moffat St,11237
Van Buren St & Broadway,11221
31 St & 21 Ave,11105
3 Ave & E 163 St,10451
55 St & 7 Ave,11220
West Drive & Prospect Park West,11215
W Fordham Rd & Loring Pl N,10468
E 97 St & 3 Ave,10029
W 160 St & St. Nicholas Ave,10032
W 67 St & Broadway,10023
Frederick Douglass Blvd & W 145 St,10039
W 165 St & Fort Washington Ave,10032
Amsterdam Ave & W 162 St,10032
Stuyvesant Ave & Hart St,11206
Crescent St & 34 Ave,11106
Riverside Dr & W 138 St,10027
Bushwick Ave & Dekalb Ave,11221
Garrison Ave & Manida St,10474
Steinway St & Broadway,11103
E 116 St & 2 Ave,10029
31 St & Astoria Blvd,11102
W 100 St & Manhattan Ave,10025
W 106 St & Amsterdam Ave,10025
W 25 St & 6 Ave,10010
W 100 St & Broadway,10025
E 88 St & 1 Ave,10128
31 St & Newtown Ave,11102
Frederick Douglass Blvd & W 112 St,10026
John St & William St,10038
11 Ave & W 27 St,10001
Yankee Ferry Terminal,10004
Broadway & E 21 St,10010
Greene Ave & Nostrand Ave,11216
Van Sinderen Ave & Truxton St,11207
31 St & Ditmars Blvd,11105
Lincoln Pl & Classon Ave,11238
Park Ave & Marcus Garvey Blvd,11206
44 St & 48 Ave,11377
Brooklyn Ave & Prospect Pl,11213
21 Ave & Crescent St,11105
Fort Washington Ave & W 173 St,10032
Eastern Pkwy & Troy Ave,11213
44 St & 6 Ave,11220
Grand Concourse & E 171 St,10456
Jerome Ave & W 195 St,10468
Lewis Ave & Kosciuszko St,11221
Myrtle Ave & Linden St,11237
W 147 St & Adam Clayton Powell Blvd,10039
Chauncey St & Stuyvesant Ave,11233
Menahan St & Central Ave,11221
Bedford Ave & Montgomery St,11225
Bushwick Ave & Harman St,11221
Central Park West & W 85 St,10024
71 Ave & Myrtle Ave,11385
Broadway & Whipple St,11206
31 St & 23 Ave,11105
31 Ave & Steinway St,11103
12 St & Sinatra Dr N,7030
2 Ave & E 125 St,10035
E 118 St & 3 Ave,10035
Central Ave & Covert St,11207
E 6 St & Avenue D,10009
Beaver St & Fayette St,11206
E 19 St & 3 Ave,10011
E 14 St & 1 Ave,10003
W 113 St & Broadway,10025
Adam Clayton Powell Blvd & W 126 St,10027
Clinton Ave & Myrtle Ave,11205
Central Park West & W 76 St,10024
5 Ave & E 103 St,10029
India St Pier,11222
W 52 St & 6 Ave,10019
St Marks Pl & 1 Ave,10003
Sterling Pl & New York Ave,11216
7 Ave & 22 St,11215
7 Ave & 40 St,11232
E 66 St & Madison Ave,10065
Grand Concourse & E 196 St,10458
Madison St & Malcolm X Blvd,11221
Prospect Ave & Longwood Ave,10455
Margaret Corbin Plz & Ft Washington Ave,10040
Carlton Ave & St Marks Ave,11217
E 174 St & Walton Ave,10452
44 St & Greenpoint Ave,11104
Southern Blvd & E 174 St,10460
35 St & 30 Ave,11103
E 118 St & Park Ave,10035
E 9 St & Avenue C,10009
38 St & 30 Ave,11103
E 123 St & Lexington Ave,10035
Avenue D & E 10 St,10009
Broadway & Kosciuszko St,11221
28 Ave & 35 St,11103
West End Ave & W 107 St,10025
34th Ave & Vernon Blvd,11106
Madison Ave & E 120 St,10035
W 171 St & St. Nicholas Ave,10032
E 68 St & 3 Ave,10065
W 84 St & Columbus Ave,10024
34 Ave & 38 St,11101
1 Pl & Clinton St,11231
E 102 St & Park Ave,10029
Columbia Heights & Cranberry St,11201
E 4 St & Ave B,10009
E 72 St & York Ave,10021
Clinton St & Union St,11231
W 42 St & 8 Ave,10036
E 75 St & 3 Ave,10021
E 7 St & Ave B,10009
W 74 St & Columbus Ave,10023
Cypress Ave & Palmetto St,11385
Grand Concourse & E 203 St,10458
Amsterdam Ave & W 156 St,10032
Newtown Ave & 23 St,11102
Cedar St & Myrtle Ave,11221
W 186 St & St. Nicholas Ave,10033
43 Ave & 47 St,11104
28 St & 41 Ave,11101
Creston Ave & E 178 St,10453
6 Ave & 12 St,11215
W 116 St & Amsterdam Ave,10027
Putnam Ave & Knickerbocker Ave,11221
55 St & 5 Ave,10022
W 95 St & Broadway,10025
W 63 St & Broadway,10023
W 35 St & 9 Ave,10018
48 St & Broadway,10019
Broadway & W 122 St,10027
Bialystoker Pl & Delancey St,10002
Suydam St & Broadway,11221
E 67 St & Park Ave,10065
E 85 St & 3 Ave,10028
Lawrence St & Willoughby St,11201
Broadway & Moylan Pl,10027
Vesey St & Church St,10006
E 84 St & Park Ave,10028
1 Ave & E 78 St,10075
21 St & Hoyt Ave S,11102
E 6 St & Avenue B,10009
Underhill Ave & Lincoln Pl,11238
Albany Ave & Fulton St,11216
E 170 St & Sheridan Ave,10456
E 65 St & 2 Ave,10065
8 Ave & W 52 St,10019
Ditmars Blvd & 19 St,11105
Flatbush Ave & Eastern Pkwy,11238
Frederick Douglass Blvd & W 129 St,10027
Bushwick Ave & Linden St,11221
Fresh Pond Rd & 69 Ave,11385
Lenox Ave & W 117 St,10026
Wilson Ave & Moffat St,11207
W 42 St & Dyer Ave,10036
Fulton St & Irving Pl,11238
Plaza Dr & W 170 St,10452
Eastern Pkwy & Washington Ave,11238
2 Ave & E 99 St,10029
E 60 St & York Ave,10022
8 Ave & W 27 St,10001
3 Ave & E 174 St,10457
Frederick Douglass Blvd & W 115 St,10026
E 26 St & 3 Ave,10010
31 St & Broadway,11106
W 36 St & 7 Ave,10018
Reade St & Broadway,10007
Grove St PATH,7302
31 St & Thomson Ave,11101
E 2 St & Avenue B,10009
Lafayette Ave & Classon Ave,11238
Franklin Ave & St Marks Ave,11238
Eastern Pkwy & Nostrand Ave,11225
Broadway & Furman Ave,11207
W 146 St & Broadway,10031
Convent Ave & W 135 St,10027
Ave D & E 8 St,10009
53 St & 5 Ave,10019
Lenox Ave & W 115 St,10026
Somers St & Broadway,11207
St Johns Pl & Washington Ave,11238
59 St & 5 Ave,11220
Ave A & E 14 St,10009
W 129 St & Convent Ave,10027
Broadway & W 155 St,10032
E 51 St & 1 Ave,10022
Clinton St & Tillary St,11201
Davidson Ave & W Burnside Ave,10453
W 120 St & Claremont Ave,10027
Morningside Dr & Amsterdam Ave,10027
E 89 St & 3 Ave,10128
21 St & Queens Plaza North,11101
E 33 St & 5 Ave,10016
Murray St & Greenwich St,10007
1 Ave & E 16 St,10009
W 42 St & 6 Ave,10017
University Pl & E 14 St,10003
Forsyth St & Grand St,10002
W 30 St & 8 Ave,10001
67 Ave & Fresh Pond Rd,11385
W 190 St & St. Nicholas Ave,10040
St Nicholas Ave & Manhattan Ave,10027
Gerard Ave & McClellan St,10452
W 135 St & Lenox Terrace Pl,10037
Prospect Park SW & 10 Ave,11215
Fulton St & Waverly Ave,11238
Berkeley Pl & 7 Ave,11217
Bushwick Ave & Furman Ave,11207
Riverside Dr & W 72 St,10023
Lafayette Ave & St James Pl,11238
W 47 St & 10 Ave,10036
Morningside Ave & W 123 St,10027
Broadway & W 29 St,10001
Columbia St & Rivington St,10002
Carlton Ave & Flushing Ave,11205
Driggs Ave & N Henry St,11222
Park Pl & Church St,10007
Grand Concourse & E 167 St,10456
E 56 St & Madison Ave,10022
Grove St & Broadway,11221
Ave C & E 16 St,10009
30 Ave & 12 St,11102
31 St & Northern Blvd,11101
Park Ave & E 124 St,10035
Broad St & Bridge St,10004
W 18 St & 6 Ave,10011
Emerson Pl & Myrtle Ave,11205
E 15 St & 3 Ave,10003
Eastern Pkwy & Kingston Ave,11213
Broadway & W 168 St,10032
E 45 St & 3 Ave,10017
St. Nicholas Ave & W 126 St,10027
Spruce St & Nassau St,10038
Prospect Park SW & 16 St,11218
14 St Ferry - 14 St & Shipyard Ln,7030
West End Ave & W 78 St,10024
W 56 St & 6 Ave,10019
Plaza St West & Flatbush Ave,11238
Riverside Dr & W 145 St,10031
E 44 St & 2 Ave,10017
1 Ave & E 30 St,10016
Amsterdam Ave & W 79 St,10024
Flatbush Ave & Ocean Ave,11238
W 48 St & Rockefeller Plaza,10036
W 110 St & Amsterdam Ave,10025
Ave A & E 11 St,10009
E 77 St & 3 Ave,10075
5 Ave & E 63 St,10065
Cadman Plaza E & Tillary St,11201
Pearl St & Hanover Square,10005
Lafayette St & E 8 St,10003
W 90 St & Amsterdam Ave,10024
46 St & Queens Blvd,11104
E 43 St & Madison Ave,10017
Central Park W & W 103 St,10025
1 Ave & E 62 St,10065
E 20 St & Park Ave,10003
Clark St & Henry St,11201
E 20 St & FDR Dr,10009
Spruce St & Gold St,10038
W 51 St & Rockefeller Plaza,10111
Madison Ave & E 99 St,10029
E 25 St & 1 Ave,10010
Broadway & Hancock St,11221
1 St & 6 Ave,11215
West End Ave & W 60 St,10023
2 Ave & E 31 St,10016
W 33 St & 10 Ave,10001
8 Ave & W 38 St,10018
Wyckoff Ave & Gates Ave,11385
Wadsworth Ave & W 179 St,10033
W 37 St & 5 Ave,10018
59 St & 4 Ave,11220
Columbus Ave & W 103 St,10025
Willoughby Ave & Hall St,11205
E 7 St & Ave C,10009
Amsterdam Ave & W 82 St,10024
W 87 St & Amsterdam Ave,10024
W 70 St & Amsterdam Ave,10023
Queens Plaza North & Crescent St,11101
E 50 St & Park Ave,10022
Columbus Ave & W 95 St,10025
1 Ave & E 44 St,10017
E 97 St & Madison Ave,10029
E 54 St & 1 Ave,10022
E 12 St & Ave C,10009
W 36 St & 9 Ave,10018
W 40 St & 7 Ave,10018
24 Ave & 29 St,11105
E 85 St & East End Ave,10028
Schermerhorn St & Court St,11201
W Mosholu Pkwy S & Sedgwick Ave,10468
W 116 St & Broadway,10027
3 Ave & E 71 St,10021
W 47 St & 9 Ave,10036
W 52 St & 11 Ave,10019
E 39 St & Lexington Ave,10016
Frederick Douglass Blvd & W 117 St,10026
W 35 St & Dyer Ave,10001
W 64 St & Thelonious Monk Circle,10023
E 53 St & 3 Ave,10022
E 51 St & 2 Ave,10022
Avenue D & E 12 St,10009
Liberty St & Broadway,10006
Cooper Square & Astor Pl,10003
27 Ave & 9 St,11102
E 5 St & Ave A,10009
3 Ave & E 62 St,10065
E 81 St & York Ave,10028
1 Ave & E 18 St,10009
6 Ave & W 33 St,10001
Myrtle Ave & St Edwards St,11205
E 14 St & Avenue B,10009
Grand Army Plaza & Plaza St West,11217
Eastern Pkwy & Franklin Ave,11216
W 56 St & 10 Ave,10019
E 58 St & 3 Ave,10022
W 54 St & 9 Ave,10019
E 30 St & Park Ave S,10016
E 35 St & Madison Ave,10016
Broadway & W 61 St,10023
2 Ave & E 72 St,10021
Central Park West & W 68 St,10023
Fulton St & Adams St,11201
W 82 St & Central Park West,10024
E 47 St & 1 Ave,10017
5 Ave & E 29 St,10001
1 Ave & E 68 St,10065
W 84 St & Broadway,10024
Broadway & W 25 St,10010
Old Slip & South St,10005
W 89 St & Columbus Ave,10024
Gramercy Park N & Gramercy Park E,10010
W 104 St & Amsterdam Ave,10019
W 40 St & 5 Ave,10018
W 43 St & 10 Ave,10036
Fulton St & Broadway,10038
E 53 St & Madison Ave,10022
11 Ave & W 41 St,10036
Hoboken Terminal - River St & Hudson Pl,7030
W 87 St & West End Ave,10024
W 106 St & Central Park West,10025
E 11 St & 1 Ave,10009
N Moore St & Hudson St,10013
E 58 St & 1 Ave (NW Corner),10022
W 50 St & 10 Ave,10019
Avenue D & E 3 St,10009
Central Park W & W 91 St,10025
W 56 St & 8 Ave,10019
Montague St & Clinton St,11201
E 5 St & Avenue C,10009
Central Park S & 6 Ave,10019
E 27 St & Park Ave S,10010
E 10 St & Avenue A,10009
Hudson Blvd W & W 36 St,10018
E 43 St & 2 Ave,10017
E 17 St & 2 Ave,10003
E 13 St & 2 Ave,10003
E 59 St & Madison Ave,10022
Cliff St & Fulton St,10038
Broadway & W 41 St,10018
10 Ave & W 28 St,10001
Suffolk St & Stanton St,10002
Clermont Ave & Lafayette Ave,11238
1 Ave & E 39 St,10016
6 Ave & W 45 St,10036
Broadway & W 36 St,10018
Central Park W & W 97 St,10025
E 44 St & Lexington Ave,10170
W 168th S & Fort Washington Ave,10032
E 22 St & 2 Ave,10010
Lexington Ave & E 29 St,10016
W 76 St & Columbus Ave,10023
W 54 St & 11 Ave,10019
E 11 St & Avenue B,10009
Broadway & W 51 St,10019
Amsterdam Ave & W 73 St,10023
E 63 St & 3 Ave,10065
West Thames St,10280
W 24 St & 7 Ave,10001
E 48 St & 5 Ave,11377
E 27 St & 1 Ave,10016
E 31 St & 3 Ave,10016
E 32 St & Park Ave,10016
William St & Pine St,10005
E 68 St & Madison Ave,10065
E 41 St & Madison Ave (SE corner),10017
6 Ave & W 34 St,10001
Grand St & Samuel Dickstein Plaza,10002
Broadway & W 37 St,10018
W 31 St & 7 Ave,10001
2 Ave & E 29 St,10016
Riverside Dr & W 104 St,10025
Riverside Dr & W 91 St,10025
W 47 St & 6 Ave,10036
E 20 St & 2 Ave,10003
W 45 St & 8 Ave,10018
Plaza St East & Flatbush Ave,11238
Madison Av & E 51 St,10022
W 49 St & 8 Ave,10019
W 44 St & 5 Ave,10036
W 21 St & 6 Ave,10011
8 Ave & W 33 St,10001
E 53 St & Lexington Ave,10022
Broadway & W 38 St,10018
8 Ave & W 49 St,10019
E 93 St & 2 Ave,10128
Riverside Dr & W 82 St,10024
E 40 St & 5 Ave,10016
Columbus Ave & W 72 St,10023
E 58 St & Madison Ave,10022
7 Ave & W 55 St,10019
Broadway & W 56 St,10019
E 91 St & 2 Ave,10128
Madison Ave & E 26 St,10010
W 51 St & 6 Ave,10104
E 16 St & Irving Pl,10003
Broadway & W 48 St,10019
E 33 St & 1 Ave,10016
Fulton St & Clermont Ave,11238
Riverside Dr & W 78 St,10024
W 44 St & 11 Ave,10036
W 55 St & 6 Ave,10019
E 48 St & 3 Ave,10017
Riverside Blvd & W 67 St,10069
Broadway & W 58 St,10019
E 47 St & 2 Ave,10017
E 56 St & 3 Ave,10022
E 25 St & 2 Ave,10010
E 74 St & 1 Ave,10021
E 51 St & Lexington Ave,10022
Lexington Ave & E 24 St,10010
E 2 St & Avenue C,10009
Lexington Ave & E 26 St,10010
E 40 St & Park Ave,10016
7 Ave & Central Park South,10019
Broadway & W 53 St,10019
E 13 St & Avenue A,10009
E 47 St & Park Ave,10167
W 59 St & 10 Ave,10019
FDR Drive & E 35 St,10016